{
  "experiment": "exp2_phase_transition",
  "timestamp_utc": "2026-04-18T19:02:45Z",
  "git_hash": "4d72948a0560a91fc7af5e5cb2c405443a6f6066",
  "git_dirty": true,
  "torch_version": "2.10.0",
  "mps_available": true,
  "physics": {
    "N": 2000,
    "dt": 0.05,
    "T": 4000,
    "coupling_J": 1.5,
    "noise_sigma": 3.0,
    "omega_std": 0.5
  },
  "K_values": [
    5.0,
    20.0,
    50.0
  ],
  "epsilons": [
    0.0005,
    0.0008,
    0.0011999999999999995,
    0.0015326188647871062,
    0.0019574338205844304,
    0.0025,
    0.0028,
    0.0031,
    0.0034000000000000002,
    0.0037,
    0.004,
    0.0043,
    0.0046,
    0.0049,
    0.0052,
    0.0055,
    0.007,
    0.01,
    0.02,
    0.035,
    0.05
  ],
  "seeds": [
    1,
    2,
    3,
    4,
    5
  ],
  "wall_time_s": 475.1565742492676
}