{
  "experiment": "exp4_pareto_K_eps",
  "timestamp_utc": "2026-04-18T21:03:55Z",
  "git_hash": "4d72948a0560a91fc7af5e5cb2c405443a6f6066",
  "git_dirty": true,
  "torch_version": "2.10.0",
  "mps_available": true,
  "physics": {
    "N": 2000,
    "dt": 0.05,
    "T": 2500,
    "coupling_J": 1.5,
    "noise_sigma": 3.0,
    "omega_std": 0.5
  },
  "K_values": [
    0.5,
    1.0658315582669209,
    2.2719938211953856,
    4.843125429634986,
    10.323911847100018,
    22.007102102809874,
    46.91172785435415,
    100.0
  ],
  "epsilons": [
    0.0004999999999999999,
    0.000812806796528249,
    0.0013213097769650289,
    0.002147939134072801,
    0.0034917190534067494,
    0.005676185956352386,
    0.009227285047362829,
    0.014999999999999996
  ],
  "seeds": [
    1,
    2,
    3
  ],
  "wall_time_s": 187.08776688575745
}